{"v":"5.1.16","fr":25,"ip":0,"op":350,"w":1080,"h":1080,"nm":"ჯინი ბოთლში","ddd":0,"assets":[{"id":"image_0","w":544,"h":405,"u":"images/","p":"img_0.png","e":0},{"id":"image_1","w":1042,"h":1304,"u":"images/","p":"img_1.png","e":0},{"id":"image_2","w":1010,"h":1970,"u":"images/","p":"img_2.png","e":0},{"id":"comp_0","layers":[{"ddd":0,"ind":2,"ty":2,"nm":"რობოტი","refId":"image_0","sr":1,"ks":{"o":{"a":0,"k":100,"ix":11},"r":{"a":0,"k":0,"ix":10},"p":{"a":1,"k":[{"i":{"x":0.667,"y":1},"o":{"x":0.333,"y":0},"n":"0p667_1_0p333_0","t":0,"s":[1451.849,1530.828,0],"e":[1583.849,1482.828,0],"to":[22,-8,0],"ti":[6.66666650772095,-7.33333349227905,0]},{"i":{"x":0.667,"y":1},"o":{"x":0.333,"y":0},"n":"0p667_1_0p333_0","t":50,"s":[1583.849,1482.828,0],"e":[1411.849,1574.828,0],"to":[-6.66666650772095,7.33333349227905,0],"ti":[1.33333337306976,-27.3333339691162,0]},{"i":{"x":0.667,"y":1},"o":{"x":0.333,"y":0},"n":"0p667_1_0p333_0","t":98,"s":[1411.849,1574.828,0],"e":[1575.849,1646.828,0],"to":[-1.33333337306976,27.3333339691162,0],"ti":[8,14.6666669845581,0]},{"i":{"x":0.667,"y":1},"o":{"x":0.333,"y":0},"n":"0p667_1_0p333_0","t":151,"s":[1575.849,1646.828,0],"e":[1363.849,1486.828,0],"to":[-8,-14.6666669845581,0],"ti":[-1.33333337306976,6,0]},{"i":{"x":0.667,"y":1},"o":{"x":0.333,"y":0},"n":"0p667_1_0p333_0","t":200,"s":[1363.849,1486.828,0],"e":[1583.849,1610.828,0],"to":[1.33333337306976,-6,0],"ti":[-28,14,0]},{"i":{"x":0.667,"y":1},"o":{"x":0.333,"y":0},"n":"0p667_1_0p333_0","t":249,"s":[1583.849,1610.828,0],"e":[1531.849,1402.828,0],"to":[28,-14,0],"ti":[22,13.3333330154419,0]},{"i":{"x":0.667,"y":1},"o":{"x":0.333,"y":0},"n":"0p667_1_0p333_0","t":300,"s":[1531.849,1402.828,0],"e":[1451.849,1530.828,0],"to":[-22,-13.3333330154419,0],"ti":[13.3333330154419,-21.3333339691162,0]},{"t":349}],"ix":2},"a":{"a":0,"k":[271.672,202.457,0],"ix":1},"s":{"a":0,"k":[100,100,100],"ix":6}},"ao":0,"ef":[{"ty":5,"nm":"Puppet","np":6,"mn":"ADBE FreePin3","ix":1,"en":1,"ef":[{"ty":7,"nm":"Puppet Engine","mn":"ADBE FreePin3 Puppet Engine","ix":1,"v":{"a":0,"k":2,"ix":1}},{"ty":0,"nm":"Mesh Rotation Refinement","mn":"ADBE FreePin3 Auto Rotate Pins","ix":2,"v":{"a":0,"k":20,"ix":2}},{"ty":7,"nm":"On Transparent","mn":"ADBE FreePin3 On Transparent","ix":3,"v":{"a":0,"k":0,"ix":3}}]}],"ip":0,"op":350,"st":0,"bm":0},{"ddd":0,"ind":3,"ty":2,"nm":"ხელი","refId":"image_1","sr":1,"ks":{"o":{"a":0,"k":100,"ix":11},"r":{"a":0,"k":0,"ix":10},"p":{"a":1,"k":[{"i":{"x":0.667,"y":1},"o":{"x":0.333,"y":0},"n":"0p667_1_0p333_0","t":0,"s":[1693.874,3748.9,0],"e":[1693.874,2316.9,0],"to":[0,-238.66667175293,0],"ti":[0,238.66667175293,0]},{"i":{"x":0.667,"y":0.667},"o":{"x":0.167,"y":0.167},"n":"0p667_0p667_0p167_0p167","t":100,"s":[1693.874,2316.9,0],"e":[1693.874,2316.9,0],"to":[0,0,0],"ti":[0,0,0]},{"i":{"x":0.833,"y":1},"o":{"x":0.167,"y":0},"n":"0p833_1_0p167_0","t":249,"s":[1693.874,2316.9,0],"e":[1693.874,3748.9,0],"to":[0,238.66667175293,0],"ti":[0,0,0]},{"i":{"x":0.667,"y":1},"o":{"x":0.333,"y":0},"n":"0p667_1_0p333_0","t":349,"s":[1693.874,3748.9,0],"e":[1693.874,2316.9,0],"to":[0,0,0],"ti":[0,238.66667175293,0]},{"i":{"x":0.667,"y":0.667},"o":{"x":0.167,"y":0.167},"n":"0p667_0p667_0p167_0p167","t":449,"s":[1693.874,2316.9,0],"e":[1693.874,2316.9,0],"to":[0,0,0],"ti":[0,0,0]},{"t":598}],"ix":2},"a":{"a":0,"k":[520.825,651.66,0],"ix":1},"s":{"a":0,"k":[100,100,100],"ix":6}},"ao":0,"ef":[{"ty":5,"nm":"Puppet","np":6,"mn":"ADBE FreePin3","ix":1,"en":1,"ef":[{"ty":7,"nm":"Puppet Engine","mn":"ADBE FreePin3 Puppet Engine","ix":1,"v":{"a":0,"k":2,"ix":1}},{"ty":0,"nm":"Mesh Rotation Refinement","mn":"ADBE FreePin3 Auto Rotate Pins","ix":2,"v":{"a":0,"k":20,"ix":2}},{"ty":7,"nm":"On Transparent","mn":"ADBE FreePin3 On Transparent","ix":3,"v":{"a":0,"k":0,"ix":3}}]}],"ip":0,"op":350,"st":0,"bm":0},{"ddd":0,"ind":4,"ty":2,"nm":"ბოთლი","refId":"image_2","sr":1,"ks":{"o":{"a":0,"k":100,"ix":11},"r":{"a":0,"k":0,"ix":10},"p":{"a":0,"k":[1500.258,1083.298,0],"ix":2},"a":{"a":0,"k":[504.811,984.557,0],"ix":1},"s":{"a":0,"k":[100,100,100],"ix":6}},"ao":0,"ip":0,"op":350,"st":0,"bm":0}]}],"layers":[{"ddd":0,"ind":1,"ty":0,"nm":"mexute","refId":"comp_0","sr":1,"ks":{"o":{"a":0,"k":100,"ix":11},"r":{"a":0,"k":0,"ix":10},"p":{"a":0,"k":[540,540,0],"ix":2},"a":{"a":0,"k":[1531,1531,0],"ix":1},"s":{"a":0,"k":[35.308,35.308,100],"ix":6}},"ao":0,"w":3062,"h":3062,"ip":0,"op":350,"st":0,"bm":0}],"markers":[]}