{"v":"5.1.16","fr":25,"ip":0,"op":250,"w":1080,"h":1080,"nm":"პროგრამული სულები","ddd":0,"assets":[{"id":"image_0","w":46,"h":55,"u":"assets/animations/software-souls/images/","p":"img_0.png","e":0},{"id":"image_1","w":45,"h":62,"u":"assets/animations/software-souls/images/","p":"img_1.png","e":0},{"id":"image_2","w":61,"h":61,"u":"assets/animations/software-souls/images/","p":"img_2.png","e":0},{"id":"image_3","w":61,"h":68,"u":"assets/animations/software-souls/images/","p":"img_3.png","e":0},{"id":"image_4","w":483,"h":64,"u":"assets/animations/software-souls/images/","p":"img_4.png","e":0},{"id":"image_5","w":492,"h":46,"u":"assets/animations/software-souls/images/","p":"img_5.png","e":0},{"id":"image_6","w":494,"h":44,"u":"assets/animations/software-souls/images/","p":"img_6.png","e":0},{"id":"image_7","w":489,"h":40,"u":"assets/animations/software-souls/images/","p":"img_7.png","e":0},{"id":"image_8","w":496,"h":43,"u":"assets/animations/software-souls/images/","p":"img_8.png","e":0},{"id":"image_9","w":478,"h":33,"u":"assets/animations/software-souls/images/","p":"img_9.png","e":0},{"id":"image_10","w":468,"h":30,"u":"assets/animations/software-souls/images/","p":"img_10.png","e":0},{"id":"image_11","w":460,"h":32,"u":"assets/animations/software-souls/images/","p":"img_11.png","e":0},{"id":"image_12","w":735,"h":43,"u":"assets/animations/software-souls/images/","p":"img_12.png","e":0},{"id":"image_13","w":749,"h":44,"u":"assets/animations/software-souls/images/","p":"img_13.png","e":0},{"id":"image_14","w":743,"h":53,"u":"assets/animations/software-souls/images/","p":"img_14.png","e":0},{"id":"image_15","w":754,"h":51,"u":"assets/animations/software-souls/images/","p":"img_15.png","e":0},{"id":"image_16","w":754,"h":49,"u":"assets/animations/software-souls/images/","p":"img_16.png","e":0},{"id":"image_17","w":754,"h":41,"u":"assets/animations/software-souls/images/","p":"img_17.png","e":0},{"id":"image_18","w":755,"h":49,"u":"assets/animations/software-souls/images/","p":"img_18.png","e":0},{"id":"image_19","w":762,"h":56,"u":"assets/animations/software-souls/images/","p":"img_19.png","e":0},{"id":"image_20","w":763,"h":75,"u":"assets/animations/software-souls/images/","p":"img_20.png","e":0},{"id":"image_21","w":771,"h":65,"u":"assets/animations/software-souls/images/","p":"img_21.png","e":0},{"id":"image_22","w":758,"h":49,"u":"assets/animations/software-souls/images/","p":"img_22.png","e":0},{"id":"image_23","w":778,"h":54,"u":"assets/animations/software-souls/images/","p":"img_23.png","e":0},{"id":"image_24","w":774,"h":71,"u":"assets/animations/software-souls/images/","p":"img_24.png","e":0},{"id":"image_25","w":763,"h":87,"u":"assets/animations/software-souls/images/","p":"img_25.png","e":0},{"id":"image_26","w":764,"h":101,"u":"assets/animations/software-souls/images/","p":"img_26.png","e":0},{"id":"image_27","w":760,"h":98,"u":"assets/animations/software-souls/images/","p":"img_27.png","e":0},{"id":"image_28","w":760,"h":110,"u":"assets/animations/software-souls/images/","p":"img_28.png","e":0},{"id":"image_29","w":730,"h":99,"u":"assets/animations/software-souls/images/","p":"img_29.png","e":0},{"id":"image_30","w":743,"h":104,"u":"assets/animations/software-souls/images/","p":"img_30.png","e":0},{"id":"image_31","w":725,"h":115,"u":"assets/animations/software-souls/images/","p":"img_31.png","e":0},{"id":"image_32","w":471,"h":620,"u":"assets/animations/software-souls/images/","p":"img_32.png","e":0},{"id":"image_33","w":497,"h":672,"u":"assets/animations/software-souls/images/","p":"img_33.png","e":0},{"id":"comp_0","layers":[{"ddd":0,"ind":2,"ty":0,"nm":"Pre-comp 1","refId":"comp_1","sr":1,"ks":{"o":{"a":0,"k":100,"ix":11},"r":{"a":0,"k":0,"ix":10},"p":{"a":0,"k":[540,540,0],"ix":2},"a":{"a":0,"k":[540,540,0],"ix":1},"s":{"a":0,"k":[100,100,100],"ix":6}},"ao":0,"tm":{"a":1,"k":[{"i":{"x":[0.833],"y":[0.833]},"o":{"x":[0.167],"y":[0.167]},"n":["0p833_0p833_0p167_0p167"],"t":0,"s":[0],"e":[2.48]},{"t":62}],"ix":2,"x":"var $bm_rt;\n$bm_rt = loopOut('cycle', 0);"},"w":1080,"h":1080,"ip":0,"op":250,"st":0,"bm":0},{"ddd":0,"ind":3,"ty":0,"nm":"პატარა მოჩვენების რიცხვები","refId":"comp_2","sr":1,"ks":{"o":{"a":0,"k":100,"ix":11},"r":{"a":0,"k":0,"ix":10},"p":{"a":0,"k":[540,540,0],"ix":2},"a":{"a":0,"k":[540,540,0],"ix":1},"s":{"a":0,"k":[100,100,100],"ix":6}},"ao":0,"hasMask":true,"masksProperties":[{"inv":false,"mode":"a","pt":{"a":0,"k":{"i":[[19.25,3],[0,0],[3.5,-2.75],[1.75,-3.25],[2.5,-5.75],[1.75,-5.25],[1,-4.5],[-1.5,-6.5],[1,-6.75],[1.25,-7],[-0.25,-6.25],[-3.25,-4.75],[-4.75,2.25],[0,5.5],[-8,-13.25],[-0.75,5.75],[-5.75,1.5],[-1.601,-11.207],[-1.735,-0.278],[-4.75,12.25],[-0.5,-18.5],[-0.5,7.5],[-5,-3.5],[-3,-1],[-0.25,4.5],[-3,4],[-5.75,-7.5],[-2.75,2.25],[0.25,5.25],[0.75,2.25],[1.25,6.5],[2,6.75],[-2.75,13.25],[7.75,10.5]],"o":[[-66.75,-10.25],[0,0],[-3.5,2.75],[-1.75,3.25],[-2.5,5.75],[-1.75,5.25],[-1,4.5],[1.5,6.5],[-1,6.75],[-1.25,7],[0.25,6.25],[3.25,4.75],[4.75,-2.25],[0,-5.5],[8,13.25],[0.75,-5.75],[4.153,-1.083],[0.548,3.835],[6.25,1],[4.75,-12.25],[0.5,18.5],[1.5,-20.25],[5,3.5],[3,1],[0.25,-4.5],[6.25,-6.5],[5.75,7.5],[2.75,-2.25],[-0.25,-5.25],[-0.75,-2.25],[-1.25,-6.5],[-2,-6.75],[2.75,-13.25],[-7.75,-10.5]],"v":[[714.25,594.5],[626.75,613.25],[619.5,619.75],[610.5,633.5],[602.25,656],[594.5,681.75],[590.5,711.25],[589,728.75],[591.25,749.75],[591.5,783],[594.75,808],[596.75,840.25],[609.75,840.5],[613,815.25],[624,821.5],[636.5,824.75],[642.25,804.75],[652.852,827.707],[660.25,834.5],[671.75,814.75],[691.25,825],[701,825],[710.5,812],[723.75,839.5],[728.75,823],[730.5,807.25],[759.25,828.75],[770.5,845],[775.5,821.25],[777,799],[773.25,768],[772.25,734.5],[771.25,695.75],[760.25,641.25]],"c":true},"ix":1},"o":{"a":0,"k":100,"ix":3},"x":{"a":0,"k":0,"ix":4},"nm":"Mask 1"}],"w":1080,"h":1080,"ip":0,"op":250,"st":0,"bm":0},{"ddd":0,"ind":4,"ty":0,"nm":"დიდი მოჩვენების რიცხვები","refId":"comp_3","sr":1,"ks":{"o":{"a":0,"k":100,"ix":11},"r":{"a":0,"k":0,"ix":10},"p":{"a":0,"k":[540,540,0],"ix":2},"a":{"a":0,"k":[540,540,0],"ix":1},"s":{"a":0,"k":[100,100,100],"ix":6}},"ao":0,"hasMask":true,"masksProperties":[{"inv":false,"mode":"a","pt":{"a":0,"k":{"i":[[4.381,0.461],[10.983,-0.68],[0,0],[7.199,-2.743],[8.699,-13.243],[2.449,-13.743],[1.699,-17.243],[1.25,-8.75],[1.25,-6],[1.5,-5.75],[0.5,-9],[0,-10],[0.75,-5.75],[-0.25,-14.5],[1.25,-6.5],[0.5,-7.5],[-0.25,-6.75],[-1.023,-7.133],[0.046,-1.327],[-1.25,-4.75],[-7.25,2],[-1.5,4.25],[-7.75,-4],[-4.25,-4.25],[0.25,5.25],[-4,5],[0.75,-6.25],[-4.25,-1.5],[-0.25,1.5],[-4.5,3.75],[0,-8.25],[-1.5,3],[0.25,3.25],[-3,-2.75],[-3,-5.25],[-2.25,2.25],[-3.25,4.75],[-2,-5.5],[-0.25,2],[-1,3.25],[-0.5,-1.5],[-1.5,-6.25],[-3.25,0.75],[-2.75,3.75],[1.25,6],[-1,8.25],[1.75,5.25],[0,3],[1.5,9],[0.5,4.5],[-4,9],[-0.5,6.5],[-0.5,13.5],[1,19],[-0.5,5],[7,41],[12.959,10.852]],"o":[[-5.257,-0.553],[-13.003,0.806],[0,0],[-6.092,2.321],[-21.801,40.257],[-2.153,12.083],[-1.202,12.201],[-1.25,8.75],[-1.25,6],[-1.5,5.75],[-0.5,9],[0.75,10],[-0.75,5.75],[0.25,14.5],[-1.25,6.5],[-0.5,7.5],[-1.838,12.868],[0.229,1.597],[-0.25,7.25],[1.25,4.75],[7.25,-2],[1.5,-4.25],[7.75,4],[4.25,4.25],[-0.25,-5.25],[4,-5],[-0.75,6.25],[4.25,1.5],[0.25,-1.5],[11.5,-9.25],[-0.25,22],[1.5,-3],[-0.25,-3.25],[3,2.75],[3,5.25],[2.25,-2.25],[3.25,-4.75],[6.75,16],[0.25,-2],[1,-3.25],[0.5,1.5],[1.5,6.25],[3.25,-0.75],[2.75,-3.75],[-1.25,-6],[1,-8.25],[-1.75,-5.25],[0,-3],[-1.5,-9],[-0.5,-4.5],[4,-9],[0.5,-6.5],[0.5,-13.5],[-1,-19],[0.5,-5],[-10.507,-50.918],[-11.092,-9.289]],"v":[[450.051,234.993],[422.256,234.348],[397.051,237.493],[384.801,241.493],[348.801,271.743],[319.051,369.743],[314.801,394.743],[311.551,436.993],[310.801,459.493],[310.551,495.243],[310.551,528.243],[312.301,563.243],[314.301,598.493],[316.051,636.243],[317.551,656.743],[316.801,688.993],[318.551,719.243],[320.738,749.109],[321.051,753.493],[327.051,800.243],[334.551,823.743],[342.801,804.993],[358.801,788.993],[373.051,821.993],[379.551,811.993],[380.801,792.493],[390.551,796.243],[392.551,817.993],[402.551,809.493],[404.551,789.993],[418.301,804.743],[426.801,817.243],[430.801,794.243],[438.551,795.993],[443.051,814.243],[453.301,821.993],[463.801,803.243],[471.551,813.243],[480.551,822.743],[486.301,801.493],[489.051,803.243],[493.551,822.493],[504.051,827.993],[514.551,816.243],[515.551,803.993],[515.551,790.493],[514.551,763.743],[516.051,726.243],[511.301,697.243],[511.801,676.243],[509.301,652.243],[511.801,613.243],[513.801,534.743],[517.801,465.244],[518.301,378.243],[514.301,329.243],[473.473,246.635]],"c":true},"ix":1},"o":{"a":0,"k":100,"ix":3},"x":{"a":0,"k":0,"ix":4},"nm":"Mask 1"}],"tm":{"a":1,"k":[{"i":{"x":[0.833],"y":[0.833]},"o":{"x":[0.167],"y":[0.167]},"n":["0p833_0p833_0p167_0p167"],"t":0,"s":[0],"e":[5.96]},{"t":149}],"ix":2,"x":"var $bm_rt;\n$bm_rt = loopOut('cycle', 0);"},"w":1080,"h":1080,"ip":0,"op":250,"st":0,"bm":0},{"ddd":0,"ind":5,"ty":2,"nm":"მოჩვენებები","refId":"image_32","sr":1,"ks":{"o":{"a":0,"k":100,"ix":11},"r":{"a":0,"k":0,"ix":10},"p":{"a":0,"k":[544.782,540.572,0],"ix":2},"a":{"a":0,"k":[235.083,309.815,0],"ix":1},"s":{"a":0,"k":[100,100,100],"ix":6}},"ao":0,"hasMask":true,"masksProperties":[{"inv":true,"mode":"a","pt":{"a":0,"k":{"i":[[4.381,0.461],[0,0],[6.5,-0.5],[15,-22],[0.75,-12.25],[-3.5,-11.75],[1.25,-8.75],[1.25,-6],[1.5,-5.75],[0.5,-9],[0,-10],[0.75,-5.75],[-0.25,-14.5],[1.25,-6.5],[0.5,-7.5],[-0.25,-6.75],[-1.023,-7.133],[0.046,-1.327],[-1.25,-4.75],[-7.25,2],[-1.5,4.25],[-7.75,-4],[-4.25,-4.25],[0.25,5.25],[-4,5],[0.75,-6.25],[-4.25,-1.5],[-0.25,1.5],[-4.5,3.75],[0,-8.25],[-1.5,3],[0.25,3.25],[-3,-2.75],[-3,-5.25],[-2.25,2.25],[-3.25,4.75],[-2,-5.5],[-0.25,2],[-1,3.25],[-0.5,-1.5],[-1.5,-6.25],[-3.25,0.75],[-2.75,3.75],[1.25,6],[-1,8.25],[1.75,5.25],[0,3],[1.5,9],[0.5,4.5],[-4,9],[-0.5,6.5],[-0.5,13.5],[1,19],[-0.5,5],[7,41],[12.959,10.852]],"o":[[-11.48,-1.208],[0,0],[-6.5,0.5],[-33.5,39],[-0.75,12.25],[3.5,11.75],[-1.25,8.75],[-1.25,6],[-1.5,5.75],[-0.5,9],[0.75,10],[-0.75,5.75],[0.25,14.5],[-1.25,6.5],[-0.5,7.5],[-1.838,12.868],[0.229,1.597],[-0.25,7.25],[1.25,4.75],[7.25,-2],[1.5,-4.25],[7.75,4],[4.25,4.25],[-0.25,-5.25],[4,-5],[-0.75,6.25],[4.25,1.5],[0.25,-1.5],[11.5,-9.25],[-0.25,22],[1.5,-3],[-0.25,-3.25],[3,2.75],[3,5.25],[2.25,-2.25],[3.25,-4.75],[6.75,16],[0.25,-2],[1,-3.25],[0.5,1.5],[1.5,6.25],[3.25,-0.75],[2.75,-3.75],[-1.25,-6],[1,-8.25],[-1.75,-5.25],[0,-3],[-1.5,-9],[-0.5,-4.5],[4,-9],[0.5,-6.5],[0.5,-13.5],[-1,-19],[0.5,-5],[-10.507,-50.918],[-11.092,-9.289]],"v":[[146.301,4.243],[92.301,5.743],[79.301,4.243],[38.301,34.243],[7.551,145.743],[6.801,167.743],[5.551,206.993],[6.301,229.493],[6.051,265.243],[6.051,298.243],[7.801,333.243],[9.801,368.493],[11.551,406.243],[13.051,426.743],[12.301,458.993],[14.051,489.243],[16.238,519.109],[16.551,523.493],[22.551,570.243],[30.051,593.743],[38.301,574.993],[54.301,558.993],[68.551,591.993],[75.051,581.993],[76.301,562.493],[86.051,566.243],[88.051,587.993],[98.051,579.493],[100.051,559.993],[113.801,574.743],[122.301,587.243],[126.301,564.243],[134.051,565.993],[138.551,584.243],[148.801,591.993],[159.301,573.243],[167.051,583.243],[176.051,592.743],[181.801,571.493],[184.551,573.243],[189.051,592.493],[199.551,597.993],[210.051,586.243],[211.051,573.993],[211.051,560.493],[210.051,533.743],[211.551,496.243],[206.801,467.243],[207.301,446.243],[204.801,422.243],[207.301,383.243],[209.301,304.743],[213.301,235.244],[213.801,148.243],[209.801,99.243],[168.973,16.635]],"c":true},"ix":1},"o":{"a":0,"k":100,"ix":3},"x":{"a":0,"k":0,"ix":4},"nm":"Mask 1"}],"ef":[{"ty":5,"nm":"Paint","np":4,"mn":"ADBE Paint","ix":1,"en":1,"ef":[{"ty":7,"nm":"Paint on Transparent","mn":"ADBE Paint On Transparent","ix":1,"v":{"a":0,"k":0,"ix":1}},{"ty":25,"nm":"Strokes","np":68,"mn":"ADBE Paint Group","ix":2,"en":1,"ef":[]}]}],"ip":0,"op":250,"st":0,"bm":0},{"ddd":0,"ind":6,"ty":0,"nm":"სულის სამოსი","refId":"comp_4","sr":1,"ks":{"o":{"a":0,"k":97.243,"ix":11},"r":{"a":0,"k":0,"ix":10},"p":{"a":0,"k":[543.666,525.475,0],"ix":2},"a":{"a":0,"k":[248.309,335.825,0],"ix":1},"s":{"a":0,"k":[100,100,100],"ix":6}},"ao":0,"tm":{"a":1,"k":[{"i":{"x":[0.833],"y":[0.833]},"o":{"x":[0.167],"y":[0.167]},"n":["0p833_0p833_0p167_0p167"],"t":0,"s":[0],"e":[2.52]},{"t":63}],"ix":2,"x":"var $bm_rt;\n$bm_rt = loopOut('cycle', 0);"},"w":497,"h":672,"ip":0,"op":250,"st":0,"bm":0}]},{"id":"comp_1","layers":[{"ddd":0,"ind":1,"ty":2,"nm":"თვალი 04","refId":"image_0","sr":1,"ks":{"o":{"a":0,"k":100,"ix":11},"r":{"a":0,"k":0,"ix":10},"p":{"a":0,"k":[716.477,671.414,0],"ix":2},"a":{"a":0,"k":[22.674,27.335,0],"ix":1},"s":{"a":1,"k":[{"i":{"x":[0.667,0.667,0.667],"y":[1,1,1]},"o":{"x":[0.333,0.333,0.333],"y":[0,0,0]},"n":["0p667_1_0p333_0","0p667_1_0p333_0","0p667_1_0p333_0"],"t":0,"s":[50,50,100],"e":[100,100,100]},{"i":{"x":[0.667,0.667,0.667],"y":[1,1,1]},"o":{"x":[0.333,0.333,0.333],"y":[0,0,0]},"n":["0p667_1_0p333_0","0p667_1_0p333_0","0p667_1_0p333_0"],"t":16.153,"s":[100,100,100],"e":[50,50,100]},{"i":{"x":[0.667,0.667,0.667],"y":[1,1,1]},"o":{"x":[0.333,0.333,0.333],"y":[0,0,0]},"n":["0p667_1_0p333_0","0p667_1_0p333_0","0p667_1_0p333_0"],"t":30.692,"s":[50,50,100],"e":[100,100,100]},{"i":{"x":[0.667,0.667,0.667],"y":[1,1,1]},"o":{"x":[0.333,0.333,0.333],"y":[0,0,0]},"n":["0p667_1_0p333_0","0p667_1_0p333_0","0p667_1_0p333_0"],"t":46.847,"s":[100,100,100],"e":[50,50,100]},{"t":63}],"ix":6}},"ao":0,"ip":0,"op":63,"st":0,"bm":0},{"ddd":0,"ind":2,"ty":2,"nm":"თვალი 03","refId":"image_1","sr":1,"ks":{"o":{"a":0,"k":100,"ix":11},"r":{"a":0,"k":0,"ix":10},"p":{"a":0,"k":[637.923,674.413,0],"ix":2},"a":{"a":0,"k":[22.342,30.585,0],"ix":1},"s":{"a":1,"k":[{"i":{"x":[0.667,0.667,0.667],"y":[1,1,1]},"o":{"x":[0.333,0.333,0.333],"y":[0,0,0]},"n":["0p667_1_0p333_0","0p667_1_0p333_0","0p667_1_0p333_0"],"t":0,"s":[50,50,100],"e":[100,100,100]},{"i":{"x":[0.667,0.667,0.667],"y":[1,1,1]},"o":{"x":[0.333,0.333,0.333],"y":[0,0,0]},"n":["0p667_1_0p333_0","0p667_1_0p333_0","0p667_1_0p333_0"],"t":16.153,"s":[100,100,100],"e":[50,50,100]},{"i":{"x":[0.667,0.667,0.667],"y":[1,1,1]},"o":{"x":[0.333,0.333,0.333],"y":[0,0,0]},"n":["0p667_1_0p333_0","0p667_1_0p333_0","0p667_1_0p333_0"],"t":30.692,"s":[50,50,100],"e":[100,100,100]},{"i":{"x":[0.667,0.667,0.667],"y":[1,1,1]},"o":{"x":[0.333,0.333,0.333],"y":[0,0,0]},"n":["0p667_1_0p333_0","0p667_1_0p333_0","0p667_1_0p333_0"],"t":46.847,"s":[100,100,100],"e":[50,50,100]},{"t":63}],"ix":6}},"ao":0,"ip":0,"op":63,"st":0,"bm":0},{"ddd":0,"ind":3,"ty":2,"nm":"თვალი 02","refId":"image_2","sr":1,"ks":{"o":{"a":0,"k":100,"ix":11},"r":{"a":0,"k":0,"ix":10},"p":{"a":0,"k":[453.495,337.807,0],"ix":2},"a":{"a":0,"k":[30.279,30.292,0],"ix":1},"s":{"a":1,"k":[{"i":{"x":[0.667,0.667,0.667],"y":[1,1,1]},"o":{"x":[0.333,0.333,0.333],"y":[0,0,0]},"n":["0p667_1_0p333_0","0p667_1_0p333_0","0p667_1_0p333_0"],"t":0,"s":[50,50,100],"e":[100,100,100]},{"i":{"x":[0.667,0.667,0.667],"y":[1,1,1]},"o":{"x":[0.333,0.333,0.333],"y":[0,0,0]},"n":["0p667_1_0p333_0","0p667_1_0p333_0","0p667_1_0p333_0"],"t":16.153,"s":[100,100,100],"e":[50,50,100]},{"i":{"x":[0.667,0.667,0.667],"y":[1,1,1]},"o":{"x":[0.333,0.333,0.333],"y":[0,0,0]},"n":["0p667_1_0p333_0","0p667_1_0p333_0","0p667_1_0p333_0"],"t":30.692,"s":[50,50,100],"e":[100,100,100]},{"i":{"x":[0.667,0.667,0.667],"y":[1,1,1]},"o":{"x":[0.333,0.333,0.333],"y":[0,0,0]},"n":["0p667_1_0p333_0","0p667_1_0p333_0","0p667_1_0p333_0"],"t":46.847,"s":[100,100,100],"e":[50,50,100]},{"t":63}],"ix":6}},"ao":0,"ip":0,"op":63,"st":0,"bm":0},{"ddd":0,"ind":4,"ty":2,"nm":"თვალი 01","refId":"image_3","sr":1,"ks":{"o":{"a":0,"k":100,"ix":11},"r":{"a":0,"k":0,"ix":10},"p":{"a":0,"k":[376.204,342.462,0],"ix":2},"a":{"a":0,"k":[30.142,33.748,0],"ix":1},"s":{"a":1,"k":[{"i":{"x":[0.667,0.667,0.667],"y":[1,1,1]},"o":{"x":[0.333,0.333,0.333],"y":[0,0,0]},"n":["0p667_1_0p333_0","0p667_1_0p333_0","0p667_1_0p333_0"],"t":0,"s":[50,50,100],"e":[100,100,100]},{"i":{"x":[0.667,0.667,0.667],"y":[1,1,1]},"o":{"x":[0.333,0.333,0.333],"y":[0,0,0]},"n":["0p667_1_0p333_0","0p667_1_0p333_0","0p667_1_0p333_0"],"t":16.153,"s":[100,100,100],"e":[50,50,100]},{"i":{"x":[0.667,0.667,0.667],"y":[1,1,1]},"o":{"x":[0.333,0.333,0.333],"y":[0,0,0]},"n":["0p667_1_0p333_0","0p667_1_0p333_0","0p667_1_0p333_0"],"t":30.692,"s":[50,50,100],"e":[100,100,100]},{"i":{"x":[0.667,0.667,0.667],"y":[1,1,1]},"o":{"x":[0.333,0.333,0.333],"y":[0,0,0]},"n":["0p667_1_0p333_0","0p667_1_0p333_0","0p667_1_0p333_0"],"t":46.847,"s":[100,100,100],"e":[50,50,100]},{"t":63}],"ix":6}},"ao":0,"ip":0,"op":63,"st":0,"bm":0}]},{"id":"comp_2","layers":[{"ddd":0,"ind":1,"ty":2,"nm":"რიცხვები 08","refId":"image_4","sr":1,"ks":{"o":{"a":0,"k":100,"ix":11},"r":{"a":0,"k":0,"ix":10},"p":{"a":1,"k":[{"i":{"x":0.833,"y":0.833},"o":{"x":0.167,"y":0.167},"n":"0p833_0p833_0p167_0p167","t":0,"s":[737.017,810.334,0],"e":[837.817,810.334,0],"to":[41.4052543640137,0,0],"ti":[-16.590446472168,0,0]},{"i":{"x":0.833,"y":0.833},"o":{"x":0.167,"y":0.167},"n":"0p833_0p833_0p167_0p167","t":75,"s":[837.817,810.334,0],"e":[543.817,823.334,0],"to":[0,0,0],"ti":[0,0,0]},{"i":{"x":0.833,"y":0.833},"o":{"x":0.167,"y":0.167},"n":"0p833_0p833_0p167_0p167","t":150,"s":[543.817,823.334,0],"e":[837.817,810.334,0],"to":[0,0,0],"ti":[-16.590446472168,0,0]},{"t":225}],"ix":2},"a":{"a":0,"k":[241.095,31.579,0],"ix":1},"s":{"a":0,"k":[100,100,100],"ix":6}},"ao":0,"ip":0,"op":250,"st":0,"bm":0},{"ddd":0,"ind":2,"ty":2,"nm":"რიცხვები 07","refId":"image_5","sr":1,"ks":{"o":{"a":0,"k":100,"ix":11},"r":{"a":0,"k":0,"ix":10},"p":{"a":1,"k":[{"i":{"x":0.833,"y":0.833},"o":{"x":0.167,"y":0.167},"n":"0p833_0p833_0p167_0p167","t":0,"s":[736.302,777.832,0],"e":[521.101,788.832,0],"to":[41.4052543640137,0,0],"ti":[-16.590446472168,0,0]},{"i":{"x":0.833,"y":0.833},"o":{"x":0.167,"y":0.167},"n":"0p833_0p833_0p167_0p167","t":75,"s":[521.101,788.832,0],"e":[837.101,777.832,0],"to":[0,0,0],"ti":[0,0,0]},{"i":{"x":0.833,"y":0.833},"o":{"x":0.167,"y":0.167},"n":"0p833_0p833_0p167_0p167","t":150,"s":[837.101,777.832,0],"e":[521.101,788.832,0],"to":[0,0,0],"ti":[-16.590446472168,0,0]},{"t":225}],"ix":2},"a":{"a":0,"k":[245.525,22.742,0],"ix":1},"s":{"a":0,"k":[100,100,100],"ix":6}},"ao":0,"ip":0,"op":250,"st":0,"bm":0},{"ddd":0,"ind":3,"ty":2,"nm":"რიცხვები 06","refId":"image_6","sr":1,"ks":{"o":{"a":0,"k":100,"ix":11},"r":{"a":0,"k":0,"ix":10},"p":{"a":1,"k":[{"i":{"x":0.833,"y":0.833},"o":{"x":0.167,"y":0.167},"n":"0p833_0p833_0p167_0p167","t":0,"s":[738.623,748.852,0],"e":[839.423,748.852,0],"to":[41.4052543640137,0,0],"ti":[-16.590446472168,0,0]},{"i":{"x":0.833,"y":0.833},"o":{"x":0.167,"y":0.167},"n":"0p833_0p833_0p167_0p167","t":75,"s":[839.423,748.852,0],"e":[537.423,755.852,0],"to":[0,0,0],"ti":[0,0,0]},{"i":{"x":0.833,"y":0.833},"o":{"x":0.167,"y":0.167},"n":"0p833_0p833_0p167_0p167","t":150,"s":[537.423,755.852,0],"e":[839.423,748.852,0],"to":[0,0,0],"ti":[-16.590446472168,0,0]},{"t":225}],"ix":2},"a":{"a":0,"k":[246.692,21.515,0],"ix":1},"s":{"a":0,"k":[100,100,100],"ix":6}},"ao":0,"ip":0,"op":250,"st":0,"bm":0},{"ddd":0,"ind":4,"ty":2,"nm":"რიცხვები 05","refId":"image_7","sr":1,"ks":{"o":{"a":0,"k":100,"ix":11},"r":{"a":0,"k":0,"ix":10},"p":{"a":1,"k":[{"i":{"x":0.833,"y":0.833},"o":{"x":0.167,"y":0.167},"n":"0p833_0p833_0p167_0p167","t":0,"s":[732.328,714.043,0],"e":[521.101,722.043,0],"to":[41.4052543640137,0,0],"ti":[-16.590446472168,0,0]},{"i":{"x":0.833,"y":0.833},"o":{"x":0.167,"y":0.167},"n":"0p833_0p833_0p167_0p167","t":75,"s":[521.101,722.043,0],"e":[833.128,714.043,0],"to":[0,0,0],"ti":[0,0,0]},{"i":{"x":0.833,"y":0.833},"o":{"x":0.167,"y":0.167},"n":"0p833_0p833_0p167_0p167","t":150,"s":[833.128,714.043,0],"e":[521.101,722.043,0],"to":[0,0,0],"ti":[-16.590446472168,0,0]},{"t":225}],"ix":2},"a":{"a":0,"k":[244.452,19.9,0],"ix":1},"s":{"a":0,"k":[100,100,100],"ix":6}},"ao":0,"ip":0,"op":250,"st":0,"bm":0},{"ddd":0,"ind":5,"ty":2,"nm":"რიცხვები 04","refId":"image_8","sr":1,"ks":{"o":{"a":0,"k":100,"ix":11},"r":{"a":0,"k":0,"ix":10},"p":{"a":1,"k":[{"i":{"x":0.833,"y":0.833},"o":{"x":0.167,"y":0.167},"n":"0p833_0p833_0p167_0p167","t":0,"s":[740.427,687.274,0],"e":[841.227,687.274,0],"to":[41.4052543640137,0,0],"ti":[-16.590446472168,0,0]},{"i":{"x":0.833,"y":0.833},"o":{"x":0.167,"y":0.167},"n":"0p833_0p833_0p167_0p167","t":75,"s":[841.227,687.274,0],"e":[526.227,687.274,0],"to":[0,0,0],"ti":[0,0,0]},{"i":{"x":0.833,"y":0.833},"o":{"x":0.167,"y":0.167},"n":"0p833_0p833_0p167_0p167","t":150,"s":[526.227,687.274,0],"e":[841.227,687.274,0],"to":[0,0,0],"ti":[-16.590446472168,0,0]},{"t":225}],"ix":2},"a":{"a":0,"k":[247.648,21.26,0],"ix":1},"s":{"a":0,"k":[100,100,100],"ix":6}},"ao":0,"ip":0,"op":250,"st":0,"bm":0},{"ddd":0,"ind":6,"ty":2,"nm":"რიცხვები 03","refId":"image_9","sr":1,"ks":{"o":{"a":0,"k":100,"ix":11},"r":{"a":0,"k":0,"ix":10},"p":{"a":1,"k":[{"i":{"x":0.833,"y":0.833},"o":{"x":0.167,"y":0.167},"n":"0p833_0p833_0p167_0p167","t":0,"s":[740.582,658.215,0],"e":[521.101,658.215,0],"to":[41.4052543640137,0,0],"ti":[-16.590446472168,0,0]},{"i":{"x":0.833,"y":0.833},"o":{"x":0.167,"y":0.167},"n":"0p833_0p833_0p167_0p167","t":75,"s":[521.101,658.215,0],"e":[841.381,658.215,0],"to":[0,0,0],"ti":[0,0,0]},{"i":{"x":0.833,"y":0.833},"o":{"x":0.167,"y":0.167},"n":"0p833_0p833_0p167_0p167","t":150,"s":[841.381,658.215,0],"e":[521.101,658.215,0],"to":[0,0,0],"ti":[-16.590446472168,0,0]},{"t":225}],"ix":2},"a":{"a":0,"k":[238.726,16.343,0],"ix":1},"s":{"a":0,"k":[100,100,100],"ix":6}},"ao":0,"ip":0,"op":250,"st":0,"bm":0},{"ddd":0,"ind":7,"ty":2,"nm":"რიცხვები 02","refId":"image_10","sr":1,"ks":{"o":{"a":0,"k":100,"ix":11},"r":{"a":0,"k":0,"ix":10},"p":{"a":1,"k":[{"i":{"x":0.833,"y":0.833},"o":{"x":0.167,"y":0.167},"n":"0p833_0p833_0p167_0p167","t":0,"s":[744.939,629.286,0],"e":[845.739,629.286,0],"to":[41.4052543640137,0,0],"ti":[-16.590446472168,0,0]},{"i":{"x":0.833,"y":0.833},"o":{"x":0.167,"y":0.167},"n":"0p833_0p833_0p167_0p167","t":75,"s":[845.739,629.286,0],"e":[507.939,629.286,0],"to":[0,0,0],"ti":[-37.2102012634277,0,0]},{"i":{"x":0.833,"y":0.833},"o":{"x":0.167,"y":0.167},"n":"0p833_0p833_0p167_0p167","t":150,"s":[507.939,629.286,0],"e":[845.739,629.286,0],"to":[41.4052543640137,0,0],"ti":[-16.590446472168,0,0]},{"t":225}],"ix":2},"a":{"a":0,"k":[233.802,14.807,0],"ix":1},"s":{"a":0,"k":[100,100,100],"ix":6}},"ao":0,"ip":0,"op":250,"st":0,"bm":0},{"ddd":0,"ind":8,"ty":2,"nm":"რიცხვები 01","refId":"image_11","sr":1,"ks":{"o":{"a":0,"k":100,"ix":11},"r":{"a":0,"k":0,"ix":10},"p":{"a":1,"k":[{"i":{"x":0.833,"y":0.833},"o":{"x":0.167,"y":0.167},"n":"0p833_0p833_0p167_0p167","t":0,"s":[756.052,602.513,0],"e":[521.101,611.513,0],"to":[41.4052543640137,0,0],"ti":[-16.590446472168,0,0]},{"i":{"x":0.833,"y":0.833},"o":{"x":0.167,"y":0.167},"n":"0p833_0p833_0p167_0p167","t":75,"s":[521.101,611.513,0],"e":[856.852,602.513,0],"to":[0,0,0],"ti":[0,0,0]},{"i":{"x":0.833,"y":0.833},"o":{"x":0.167,"y":0.167},"n":"0p833_0p833_0p167_0p167","t":150,"s":[856.852,602.513,0],"e":[521.101,611.513,0],"to":[0,0,0],"ti":[-16.590446472168,0,0]},{"t":225}],"ix":2},"a":{"a":0,"k":[229.553,15.705,0],"ix":1},"s":{"a":0,"k":[100,100,100],"ix":6}},"ao":0,"ip":0,"op":250,"st":0,"bm":0}]},{"id":"comp_3","layers":[{"ddd":0,"ind":1,"ty":2,"nm":"რიცხვები 19","refId":"image_12","sr":1,"ks":{"o":{"a":0,"k":100,"ix":11},"r":{"a":0,"k":0,"ix":10},"p":{"a":1,"k":[{"i":{"x":0.833,"y":0.833},"o":{"x":0.167,"y":0.167},"n":"0p833_0p833_0p167_0p167","t":0,"s":[396.127,807.204,0],"e":[701.127,807.204,0],"to":[50.8333320617676,0,0],"ti":[0,0,0]},{"i":{"x":0.833,"y":0.833},"o":{"x":0.167,"y":0.167},"n":"0p833_0p833_0p167_0p167","t":76,"s":[701.127,807.204,0],"e":[396.127,807.204,0],"to":[0,0,0],"ti":[50.8333320617676,0,0]},{"t":150}],"ix":2},"a":{"a":0,"k":[367.172,21.478,0],"ix":1},"s":{"a":0,"k":[100,100,100],"ix":6}},"ao":0,"ip":0,"op":150,"st":0,"bm":0},{"ddd":0,"ind":2,"ty":2,"nm":"რიცხვები 18","refId":"image_13","sr":1,"ks":{"o":{"a":0,"k":100,"ix":11},"r":{"a":0,"k":0,"ix":10},"p":{"a":1,"k":[{"i":{"x":0.833,"y":0.833},"o":{"x":0.167,"y":0.167},"n":"0p833_0p833_0p167_0p167","t":0,"s":[401.321,777.654,0],"e":[211,777.654,0],"to":[-31.7202072143555,0,0],"ti":[0,0,0]},{"i":{"x":0.833,"y":0.833},"o":{"x":0.167,"y":0.167},"n":"0p833_0p833_0p167_0p167","t":76,"s":[211,777.654,0],"e":[401.321,777.654,0],"to":[0,0,0],"ti":[-31.7202072143555,0,0]},{"t":150}],"ix":2},"a":{"a":0,"k":[374.442,21.8,0],"ix":1},"s":{"a":0,"k":[100,100,100],"ix":6}},"ao":0,"ip":0,"op":150,"st":0,"bm":0},{"ddd":0,"ind":3,"ty":2,"nm":"რიცხვები 17","refId":"image_14","sr":1,"ks":{"o":{"a":0,"k":100,"ix":11},"r":{"a":0,"k":0,"ix":10},"p":{"a":1,"k":[{"i":{"x":0.833,"y":0.833},"o":{"x":0.167,"y":0.167},"n":"0p833_0p833_0p167_0p167","t":0,"s":[396.206,750.677,0],"e":[701.206,750.677,0],"to":[50.8333320617676,0,0],"ti":[0,0,0]},{"i":{"x":0.833,"y":0.833},"o":{"x":0.167,"y":0.167},"n":"0p833_0p833_0p167_0p167","t":76,"s":[701.206,750.677,0],"e":[396.206,750.677,0],"to":[0,0,0],"ti":[50.8333320617676,0,0]},{"t":150}],"ix":2},"a":{"a":0,"k":[371.422,26.042,0],"ix":1},"s":{"a":0,"k":[100,100,100],"ix":6}},"ao":0,"ip":0,"op":150,"st":0,"bm":0},{"ddd":0,"ind":4,"ty":2,"nm":"რიცხვები 16","refId":"image_15","sr":1,"ks":{"o":{"a":0,"k":100,"ix":11},"r":{"a":0,"k":0,"ix":10},"p":{"a":1,"k":[{"i":{"x":0.833,"y":0.833},"o":{"x":0.167,"y":0.167},"n":"0p833_0p833_0p167_0p167","t":0,"s":[398.482,721.11,0],"e":[211,733.11,0],"to":[-31.2470836639404,2,0],"ti":[0,0,0]},{"i":{"x":0.833,"y":0.833},"o":{"x":0.167,"y":0.167},"n":"0p833_0p833_0p167_0p167","t":76,"s":[211,733.11,0],"e":[398.482,721.11,0],"to":[0,0,0],"ti":[-31.2470836639404,2,0]},{"t":150}],"ix":2},"a":{"a":0,"k":[376.59,25.433,0],"ix":1},"s":{"a":0,"k":[100,100,100],"ix":6}},"ao":0,"ip":0,"op":150,"st":0,"bm":0},{"ddd":0,"ind":5,"ty":2,"nm":"რიცხვები 15","refId":"image_16","sr":1,"ks":{"o":{"a":0,"k":100,"ix":11},"r":{"a":0,"k":0,"ix":10},"p":{"a":1,"k":[{"i":{"x":0.833,"y":0.833},"o":{"x":0.167,"y":0.167},"n":"0p833_0p833_0p167_0p167","t":0,"s":[396.722,691.546,0],"e":[701.722,691.546,0],"to":[50.8333320617676,0,0],"ti":[0,0,0]},{"i":{"x":0.833,"y":0.833},"o":{"x":0.167,"y":0.167},"n":"0p833_0p833_0p167_0p167","t":76,"s":[701.722,691.546,0],"e":[396.722,691.546,0],"to":[0,0,0],"ti":[50.8333320617676,0,0]},{"t":150}],"ix":2},"a":{"a":0,"k":[376.56,24.061,0],"ix":1},"s":{"a":0,"k":[100,100,100],"ix":6}},"ao":0,"ip":0,"op":150,"st":0,"bm":0},{"ddd":0,"ind":6,"ty":2,"nm":"რიცხვები 14","refId":"image_17","sr":1,"ks":{"o":{"a":0,"k":100,"ix":11},"r":{"a":0,"k":0,"ix":10},"p":{"a":1,"k":[{"i":{"x":0.833,"y":0.833},"o":{"x":0.167,"y":0.167},"n":"0p833_0p833_0p167_0p167","t":0,"s":[393.927,663.367,0],"e":[211,678.367,0],"to":[-30.4878005981445,2.5,0],"ti":[0,0,0]},{"i":{"x":0.833,"y":0.833},"o":{"x":0.167,"y":0.167},"n":"0p833_0p833_0p167_0p167","t":76,"s":[211,678.367,0],"e":[393.927,663.367,0],"to":[0,0,0],"ti":[-30.4878005981445,2.5,0]},{"t":150}],"ix":2},"a":{"a":0,"k":[376.821,20.383,0],"ix":1},"s":{"a":0,"k":[100,100,100],"ix":6}},"ao":0,"ip":0,"op":150,"st":0,"bm":0},{"ddd":0,"ind":7,"ty":2,"nm":"რიცხვები 13","refId":"image_18","sr":1,"ks":{"o":{"a":0,"k":100,"ix":11},"r":{"a":0,"k":0,"ix":10},"p":{"a":1,"k":[{"i":{"x":0.833,"y":0.833},"o":{"x":0.167,"y":0.167},"n":"0p833_0p833_0p167_0p167","t":0,"s":[396.917,629.172,0],"e":[701.917,629.172,0],"to":[50.8333320617676,0,0],"ti":[0,0,0]},{"i":{"x":0.833,"y":0.833},"o":{"x":0.167,"y":0.167},"n":"0p833_0p833_0p167_0p167","t":76,"s":[701.917,629.172,0],"e":[396.917,629.172,0],"to":[0,0,0],"ti":[50.8333320617676,0,0]},{"t":150}],"ix":2},"a":{"a":0,"k":[377.375,24.094,0],"ix":1},"s":{"a":0,"k":[100,100,100],"ix":6}},"ao":0,"ip":0,"op":150,"st":0,"bm":0},{"ddd":0,"ind":8,"ty":2,"nm":"რიცხვები 12","refId":"image_19","sr":1,"ks":{"o":{"a":0,"k":100,"ix":11},"r":{"a":0,"k":0,"ix":10},"p":{"a":1,"k":[{"i":{"x":0.833,"y":0.833},"o":{"x":0.167,"y":0.167},"n":"0p833_0p833_0p167_0p167","t":0,"s":[396.123,598.967,0],"e":[211,619.967,0],"to":[-30.8537750244141,3.5,0],"ti":[0,0,0]},{"i":{"x":0.833,"y":0.833},"o":{"x":0.167,"y":0.167},"n":"0p833_0p833_0p167_0p167","t":76,"s":[211,619.967,0],"e":[396.123,598.967,0],"to":[0,0,0],"ti":[-30.8537750244141,3.5,0]},{"t":150}],"ix":2},"a":{"a":0,"k":[380.884,27.603,0],"ix":1},"s":{"a":0,"k":[100,100,100],"ix":6}},"ao":0,"ip":0,"op":150,"st":0,"bm":0},{"ddd":0,"ind":9,"ty":2,"nm":"რიცხვები 11","refId":"image_20","sr":1,"ks":{"o":{"a":0,"k":100,"ix":11},"r":{"a":0,"k":0,"ix":10},"p":{"a":1,"k":[{"i":{"x":0.833,"y":0.833},"o":{"x":0.167,"y":0.167},"n":"0p833_0p833_0p167_0p167","t":0,"s":[397.76,566.007,0],"e":[702.76,566.007,0],"to":[50.8333320617676,0,0],"ti":[0,0,0]},{"i":{"x":0.833,"y":0.833},"o":{"x":0.167,"y":0.167},"n":"0p833_0p833_0p167_0p167","t":76,"s":[702.76,566.007,0],"e":[397.76,566.007,0],"to":[0,0,0],"ti":[50.8333320617676,0,0]},{"t":150}],"ix":2},"a":{"a":0,"k":[381.085,37.286,0],"ix":1},"s":{"a":0,"k":[100,100,100],"ix":6}},"ao":0,"ip":0,"op":150,"st":0,"bm":0},{"ddd":0,"ind":10,"ty":2,"nm":"რიცხვები 10","refId":"image_21","sr":1,"ks":{"o":{"a":0,"k":100,"ix":11},"r":{"a":0,"k":0,"ix":10},"p":{"a":1,"k":[{"i":{"x":0.833,"y":0.833},"o":{"x":0.167,"y":0.167},"n":"0p833_0p833_0p167_0p167","t":0,"s":[397.816,532.058,0],"e":[211,550.058,0],"to":[-31.13596534729,3,0],"ti":[0,0,0]},{"i":{"x":0.833,"y":0.833},"o":{"x":0.167,"y":0.167},"n":"0p833_0p833_0p167_0p167","t":76,"s":[211,550.058,0],"e":[397.816,532.058,0],"to":[0,0,0],"ti":[-31.13596534729,3,0]},{"t":150}],"ix":2},"a":{"a":0,"k":[385.006,32.372,0],"ix":1},"s":{"a":0,"k":[100,100,100],"ix":6}},"ao":0,"ip":0,"op":150,"st":0,"bm":0},{"ddd":0,"ind":11,"ty":2,"nm":"რიცხვები 09","refId":"image_22","sr":1,"ks":{"o":{"a":0,"k":100,"ix":11},"r":{"a":0,"k":0,"ix":10},"p":{"a":1,"k":[{"i":{"x":0.833,"y":0.833},"o":{"x":0.167,"y":0.167},"n":"0p833_0p833_0p167_0p167","t":0,"s":[388.651,500.887,0],"e":[693.651,500.887,0],"to":[50.8333320617676,0,0],"ti":[0,0,0]},{"i":{"x":0.833,"y":0.833},"o":{"x":0.167,"y":0.167},"n":"0p833_0p833_0p167_0p167","t":76,"s":[693.651,500.887,0],"e":[388.651,500.887,0],"to":[0,0,0],"ti":[50.8333320617676,0,0]},{"t":150}],"ix":2},"a":{"a":0,"k":[378.601,24.145,0],"ix":1},"s":{"a":0,"k":[100,100,100],"ix":6}},"ao":0,"ip":0,"op":150,"st":0,"bm":0},{"ddd":0,"ind":12,"ty":2,"nm":"რიცხვები 09","refId":"image_23","sr":1,"ks":{"o":{"a":0,"k":100,"ix":11},"r":{"a":0,"k":0,"ix":10},"p":{"a":1,"k":[{"i":{"x":0.833,"y":0.833},"o":{"x":0.167,"y":0.167},"n":"0p833_0p833_0p167_0p167","t":0,"s":[401.833,463.479,0],"e":[211,483.479,0],"to":[-31.8055419921875,3.33333325386047,0],"ti":[0,0,0]},{"i":{"x":0.833,"y":0.833},"o":{"x":0.167,"y":0.167},"n":"0p833_0p833_0p167_0p167","t":76,"s":[211,483.479,0],"e":[401.833,463.479,0],"to":[0,0,0],"ti":[-31.8055419921875,3.33333325386047,0]},{"t":150}],"ix":2},"a":{"a":0,"k":[388.538,26.978,0],"ix":1},"s":{"a":0,"k":[100,100,100],"ix":6}},"ao":0,"ip":0,"op":150,"st":0,"bm":0},{"ddd":0,"ind":13,"ty":2,"nm":"რიცხვები 08","refId":"image_24","sr":1,"ks":{"o":{"a":0,"k":100,"ix":11},"r":{"a":0,"k":0,"ix":10},"p":{"a":1,"k":[{"i":{"x":0.833,"y":0.833},"o":{"x":0.167,"y":0.167},"n":"0p833_0p833_0p167_0p167","t":0,"s":[398.374,426.346,0],"e":[703.374,426.346,0],"to":[50.8333320617676,0,0],"ti":[0,0,0]},{"i":{"x":0.833,"y":0.833},"o":{"x":0.167,"y":0.167},"n":"0p833_0p833_0p167_0p167","t":76,"s":[703.374,426.346,0],"e":[398.374,426.346,0],"to":[0,0,0],"ti":[50.8333320617676,0,0]},{"t":150}],"ix":2},"a":{"a":0,"k":[386.509,35.018,0],"ix":1},"s":{"a":0,"k":[100,100,100],"ix":6}},"ao":0,"ip":0,"op":150,"st":0,"bm":0},{"ddd":0,"ind":14,"ty":2,"nm":"რიცხვები 07","refId":"image_25","sr":1,"ks":{"o":{"a":0,"k":100,"ix":11},"r":{"a":0,"k":0,"ix":10},"p":{"a":1,"k":[{"i":{"x":0.833,"y":0.833},"o":{"x":0.167,"y":0.167},"n":"0p833_0p833_0p167_0p167","t":0,"s":[396.397,388.784,0],"e":[211,426.784,0],"to":[-30.8995494842529,6.33333349227905,0],"ti":[0,0,0]},{"i":{"x":0.833,"y":0.833},"o":{"x":0.167,"y":0.167},"n":"0p833_0p833_0p167_0p167","t":76,"s":[211,426.784,0],"e":[396.397,388.784,0],"to":[0,0,0],"ti":[-30.8995494842529,6.33333349227905,0]},{"t":150}],"ix":2},"a":{"a":0,"k":[381.348,43.114,0],"ix":1},"s":{"a":0,"k":[100,100,100],"ix":6}},"ao":0,"ip":0,"op":150,"st":0,"bm":0},{"ddd":0,"ind":15,"ty":2,"nm":"რიცხვები 06","refId":"image_26","sr":1,"ks":{"o":{"a":0,"k":100,"ix":11},"r":{"a":0,"k":0,"ix":10},"p":{"a":1,"k":[{"i":{"x":0.833,"y":0.833},"o":{"x":0.167,"y":0.167},"n":"0p833_0p833_0p167_0p167","t":0,"s":[394.457,354.412,0],"e":[699.457,354.412,0],"to":[50.8333320617676,0,0],"ti":[0,0,0]},{"i":{"x":0.833,"y":0.833},"o":{"x":0.167,"y":0.167},"n":"0p833_0p833_0p167_0p167","t":76,"s":[699.457,354.412,0],"e":[394.457,354.412,0],"to":[0,0,0],"ti":[50.8333320617676,0,0]},{"t":150}],"ix":2},"a":{"a":0,"k":[381.913,50.094,0],"ix":1},"s":{"a":0,"k":[100,100,100],"ix":6}},"ao":0,"ip":0,"op":150,"st":0,"bm":0},{"ddd":0,"ind":16,"ty":2,"nm":"რიცხვები 05","refId":"image_27","sr":1,"ks":{"o":{"a":0,"k":100,"ix":11},"r":{"a":0,"k":0,"ix":10},"p":{"a":1,"k":[{"i":{"x":0.833,"y":0.833},"o":{"x":0.167,"y":0.167},"n":"0p833_0p833_0p167_0p167","t":0,"s":[398.481,324.658,0],"e":[211,373.658,0],"to":[-31.2468490600586,8.16666698455811,0],"ti":[0,0,0]},{"i":{"x":0.833,"y":0.833},"o":{"x":0.167,"y":0.167},"n":"0p833_0p833_0p167_0p167","t":76,"s":[211,373.658,0],"e":[398.481,324.658,0],"to":[0,0,0],"ti":[-31.2468490600586,8.16666698455811,0]},{"t":150}],"ix":2},"a":{"a":0,"k":[379.718,48.808,0],"ix":1},"s":{"a":0,"k":[100,100,100],"ix":6}},"ao":0,"ip":0,"op":150,"st":0,"bm":0},{"ddd":0,"ind":17,"ty":2,"nm":"რიცხვები 04","refId":"image_28","sr":1,"ks":{"o":{"a":0,"k":100,"ix":11},"r":{"a":0,"k":0,"ix":10},"p":{"a":1,"k":[{"i":{"x":0.833,"y":0.833},"o":{"x":0.167,"y":0.167},"n":"0p833_0p833_0p167_0p167","t":0,"s":[401.781,291.571,0],"e":[706.781,291.571,0],"to":[50.8333320617676,0,0],"ti":[0,0,0]},{"i":{"x":0.833,"y":0.833},"o":{"x":0.167,"y":0.167},"n":"0p833_0p833_0p167_0p167","t":76,"s":[706.781,291.571,0],"e":[401.781,291.571,0],"to":[0,0,0],"ti":[50.8333320617676,0,0]},{"t":150}],"ix":2},"a":{"a":0,"k":[379.823,54.553,0],"ix":1},"s":{"a":0,"k":[100,100,100],"ix":6}},"ao":0,"ip":0,"op":150,"st":0,"bm":0},{"ddd":0,"ind":18,"ty":2,"nm":"რიცხვები 03","refId":"image_29","sr":1,"ks":{"o":{"a":0,"k":100,"ix":11},"r":{"a":0,"k":0,"ix":10},"p":{"a":1,"k":[{"i":{"x":0.833,"y":0.833},"o":{"x":0.167,"y":0.167},"n":"0p833_0p833_0p167_0p167","t":0,"s":[391.082,267.756,0],"e":[211,322.756,0],"to":[-30.0136260986328,9.16666698455811,0],"ti":[0,0,0]},{"i":{"x":0.833,"y":0.833},"o":{"x":0.167,"y":0.167},"n":"0p833_0p833_0p167_0p167","t":76,"s":[211,322.756,0],"e":[391.082,267.756,0],"to":[0,0,0],"ti":[-30.0136260986328,9.16666698455811,0]},{"t":150}],"ix":2},"a":{"a":0,"k":[364.568,49.427,0],"ix":1},"s":{"a":0,"k":[100,100,100],"ix":6}},"ao":0,"ip":0,"op":150,"st":0,"bm":0},{"ddd":0,"ind":19,"ty":2,"nm":"რიცხვები 02","refId":"image_30","sr":1,"ks":{"o":{"a":0,"k":100,"ix":11},"r":{"a":0,"k":0,"ix":10},"p":{"a":1,"k":[{"i":{"x":0.833,"y":0.833},"o":{"x":0.167,"y":0.167},"n":"0p833_0p833_0p167_0p167","t":0,"s":[411.268,235.598,0],"e":[716.268,235.598,0],"to":[50.8333320617676,0,0],"ti":[0,0,0]},{"i":{"x":0.833,"y":0.833},"o":{"x":0.167,"y":0.167},"n":"0p833_0p833_0p167_0p167","t":76,"s":[716.268,235.598,0],"e":[411.268,235.598,0],"to":[0,0,0],"ti":[50.8333320617676,0,0]},{"t":150}],"ix":2},"a":{"a":0,"k":[371.275,51.74,0],"ix":1},"s":{"a":0,"k":[100,100,100],"ix":6}},"ao":0,"ip":0,"op":150,"st":0,"bm":0},{"ddd":0,"ind":20,"ty":2,"nm":"რიცხვები 01","refId":"image_31","sr":1,"ks":{"o":{"a":0,"k":100,"ix":11},"r":{"a":0,"k":0,"ix":10},"p":{"a":1,"k":[{"i":{"x":0.833,"y":0.833},"o":{"x":0.167,"y":0.167},"n":"0p833_0p833_0p167_0p167","t":0,"s":[415.391,207.361,0],"e":[211,272.361,0],"to":[-34.0651397705078,10.8333330154419,0],"ti":[0,0,0]},{"i":{"x":0.833,"y":0.833},"o":{"x":0.167,"y":0.167},"n":"0p833_0p833_0p167_0p167","t":76,"s":[211,272.361,0],"e":[415.391,207.361,0],"to":[0,0,0],"ti":[-34.0651397705078,10.8333330154419,0]},{"t":150}],"ix":2},"a":{"a":0,"k":[362.169,57.471,0],"ix":1},"s":{"a":0,"k":[100,100,100],"ix":6}},"ao":0,"ip":0,"op":150,"st":0,"bm":0}]},{"id":"comp_4","layers":[{"ddd":0,"ind":1,"ty":2,"nm":"სულის სამოსი/მეშვიდე.ai","cl":"ai","refId":"image_33","sr":1,"ks":{"o":{"a":1,"k":[{"i":{"x":[0.667],"y":[1]},"o":{"x":[0.333],"y":[0]},"n":["0p667_1_0p333_0"],"t":0,"s":[100],"e":[0]},{"i":{"x":[0.667],"y":[1]},"o":{"x":[0.333],"y":[0]},"n":["0p667_1_0p333_0"],"t":16.38,"s":[0],"e":[100]},{"i":{"x":[0.667],"y":[1]},"o":{"x":[0.333],"y":[0]},"n":["0p667_1_0p333_0"],"t":31.5,"s":[100],"e":[0]},{"i":{"x":[0.667],"y":[1]},"o":{"x":[0.333],"y":[0]},"n":["0p667_1_0p333_0"],"t":46.62,"s":[0],"e":[100]},{"t":63}],"ix":11},"r":{"a":0,"k":0,"ix":10},"p":{"a":0,"k":[248.5,336,0],"ix":2},"a":{"a":0,"k":[248.5,336,0],"ix":1},"s":{"a":0,"k":[100,100,100],"ix":6}},"ao":0,"ip":0,"op":64,"st":0,"bm":0}]}],"layers":[{"ddd":0,"ind":1,"ty":0,"nm":"მეშვიდე","refId":"comp_0","sr":1,"ks":{"o":{"a":0,"k":100,"ix":11},"r":{"a":0,"k":0,"ix":10},"p":{"a":0,"k":[540,540,0],"ix":2},"a":{"a":0,"k":[540,540,0],"ix":1},"s":{"a":0,"k":[100,100,100],"ix":6}},"ao":0,"w":1080,"h":1080,"ip":0,"op":250,"st":0,"bm":0}],"markers":[]}