{"v":"5.1.16","fr":25,"ip":21,"op":159,"w":1080,"h":1080,"nm":"მეექვსე","ddd":0,"assets":[{"id":"image_0","w":292,"h":119,"u":"images/","p":"img_0.png","e":0},{"id":"image_1","w":632,"h":966,"u":"images/","p":"img_1.png","e":0}],"layers":[{"ddd":0,"ind":2,"ty":2,"nm":"USB ფლეშკა","refId":"image_0","sr":1,"ks":{"o":{"a":0,"k":100,"ix":11},"r":{"a":0,"k":0,"ix":10},"p":{"a":1,"k":[{"i":{"x":0.833,"y":0.833},"o":{"x":0.333,"y":0},"n":"0p833_0p833_0p333_0","t":37,"s":[557.657,-106.945,0],"e":[540,540,0],"to":[-2.94279980659485,107.824096679688,0],"ti":[2.94279980659485,-102.990768432617,0]},{"i":{"x":0.667,"y":1},"o":{"x":0.167,"y":0.167},"n":"0p667_1_0p167_0p167","t":57,"s":[540,540,0],"e":[540,511,0],"to":[-2.94279980659485,102.990768432617,0],"ti":[0,0,0]},{"i":{"x":0.833,"y":0.833},"o":{"x":0.333,"y":0},"n":"0p833_0p833_0p333_0","t":60,"s":[540,511,0],"e":[540,540,0],"to":[0,0,0],"ti":[0,1.83333337306976,0]},{"i":{"x":0.667,"y":1},"o":{"x":0.333,"y":0},"n":"0p667_1_0p333_0","t":63,"s":[540,540,0],"e":[540,500,0],"to":[0,-1.83333337306976,0],"ti":[0,0,0]},{"i":{"x":0.833,"y":0.833},"o":{"x":0.333,"y":0},"n":"0p833_0p833_0p333_0","t":66,"s":[540,500,0],"e":[540,540,0],"to":[0,0,0],"ti":[0,-6.66666650772095,0]},{"i":{"x":0.667,"y":0.667},"o":{"x":0.167,"y":0.167},"n":"0p667_0p667_0p167_0p167","t":69,"s":[540,540,0],"e":[540,540,0],"to":[0,0,0],"ti":[0,0,0]},{"i":{"x":0.667,"y":1},"o":{"x":0.333,"y":0},"n":"0p667_1_0p333_0","t":102,"s":[540,540,0],"e":[540,1554,0],"to":[0,169,0],"ti":[0,-169,0]},{"t":158}],"ix":2},"a":{"a":0,"k":[145.576,59.224,0],"ix":1},"s":{"a":0,"k":[100,100,100],"ix":6}},"ao":0,"ip":0,"op":625,"st":0,"bm":0},{"ddd":0,"ind":3,"ty":2,"nm":"ხელი","refId":"image_1","sr":1,"ks":{"o":{"a":0,"k":100,"ix":11},"r":{"a":0,"k":0,"ix":10},"p":{"a":1,"k":[{"i":{"x":0.667,"y":1},"o":{"x":0.333,"y":0},"n":"0p667_1_0p333_0","t":22,"s":[528.85,1602.147,0],"e":[540,578,0],"to":[1.85826623439789,-170.691101074219,0],"ti":[-1.85826623439789,170.691101074219,0]},{"i":{"x":0.667,"y":0.667},"o":{"x":0.333,"y":0.333},"n":"0p667_0p667_0p333_0p333","t":48,"s":[540,578,0],"e":[540,578,0],"to":[0,0,0],"ti":[0,0,0]},{"i":{"x":0.667,"y":1},"o":{"x":0.333,"y":0},"n":"0p667_1_0p333_0","t":102,"s":[540,578,0],"e":[540,1592,0],"to":[0,169,0],"ti":[0,-169,0]},{"t":158}],"ix":2},"a":{"a":0,"k":[315.701,482.76,0],"ix":1},"s":{"a":0,"k":[100,100,100],"ix":6}},"ao":0,"ip":0,"op":625,"st":0,"bm":0}],"markers":[]}